part.age.cat,cont.age.cat,wM,wF,w,mMM,mFM,mMF,mFF,m,cMM,cFM,cMF,cFF,c
"[0,5)","[0,5)",505570,482582,988152,1.120790054,0.898889969,0.858024044,0.827650609,1.855611736,2.22E-06,1.78E-06,1.78E-06,1.72E-06,1.88E-06
"[5,10)","[0,5)",505570,482582,988152,0.490866599,0.514509677,0.553234816,0.535767716,1.047117484,9.71E-07,1.02E-06,1.15E-06,1.11E-06,1.06E-06
"[10,15)","[0,5)",505570,482582,988152,0.066173412,0.075545309,0.100357754,0.120955699,0.181175543,1.31E-07,1.49E-07,2.08E-07,2.51E-07,1.83E-07
"[15,20)","[0,5)",505570,482582,988152,0.025131358,0.057172406,0.030329007,0.051105953,0.081291053,4.97E-08,1.13E-07,6.28E-08,1.06E-07,8.23E-08
"[20,25)","[0,5)",505570,482582,988152,0.027383258,0.147050449,0.031655949,0.074381765,0.139379596,5.42E-08,2.91E-07,6.56E-08,1.54E-07,1.41E-07
"[25,30)","[0,5)",505570,482582,988152,0.098690052,0.334198545,0.076002907,0.312182992,0.409915939,1.95E-07,6.61E-07,1.57E-07,6.47E-07,4.15E-07
"[30,35)","[0,5)",505570,482582,988152,0.316265974,0.496970414,0.249164738,0.640467818,0.851017014,6.26E-07,9.83E-07,5.16E-07,1.33E-06,8.61E-07
"[35,40)","[0,5)",505570,482582,988152,0.385259649,0.440004262,0.296111128,0.476102507,0.797265074,7.62E-07,8.70E-07,6.14E-07,9.87E-07,8.07E-07
"[40,45)","[0,5)",505570,482582,988152,0.172936844,0.214108,0.157565008,0.226223918,0.38467392,3.42E-07,4.23E-07,3.27E-07,4.69E-07,3.89E-07
"[45,50)","[0,5)",505570,482582,988152,0.071035173,0.072001472,0.070307422,0.103829486,0.1584423,1.41E-07,1.42E-07,1.46E-07,2.15E-07,1.60E-07
"[50,55)","[0,5)",505570,482582,988152,0.049339245,0.066545922,0.068251441,0.147720047,0.165551696,9.76E-08,1.32E-07,1.41E-07,3.06E-07,1.68E-07
"[55,60)","[0,5)",505570,482582,988152,0.067459267,0.130413495,0.125292388,0.210916381,0.266248296,1.33E-07,2.58E-07,2.60E-07,4.37E-07,2.69E-07
"[60,65)","[0,5)",505570,482582,988152,0.129012361,0.191202064,0.178942057,0.200260363,0.349554266,2.55E-07,3.78E-07,3.71E-07,4.15E-07,3.54E-07
"[65,70)","[0,5)",505570,482582,988152,0.090837547,0.147568023,0.117045328,0.126008553,0.241591362,1.80E-07,2.92E-07,2.43E-07,2.61E-07,2.44E-07
"[70,75)","[0,5)",505570,482582,988152,0.044377873,0.072369966,0.04860305,0.06350855,0.11616217,8.78E-08,1.43E-07,1.01E-07,1.32E-07,1.18E-07
"[75,80)","[0,5)",505570,482582,988152,0.019590466,0.028290442,0.022862715,0.018935515,0.045255879,3.87E-08,5.60E-08,4.74E-08,3.92E-08,4.58E-08
"[0,5)","[5,10)",510917,487660,998577,0.496060736,0.58572323,0.496290587,0.541410507,1.058174766,9.71E-07,1.15E-06,1.02E-06,1.11E-06,1.06E-06
"[5,10)","[5,10)",510917,487660,998577,3.496719673,1.589575197,1.517239937,2.390131207,4.508876959,6.84E-06,3.11E-06,3.11E-06,4.90E-06,4.52E-06
"[10,15)","[5,10)",510917,487660,998577,0.597378747,0.273833763,0.355606176,0.601196946,0.9148936,1.17E-06,5.36E-07,7.29E-07,1.23E-06,9.16E-07
"[15,20)","[5,10)",510917,487660,998577,0.072875744,0.085058356,0.066728405,0.082234008,0.153145096,1.43E-07,1.66E-07,1.37E-07,1.69E-07,1.53E-07
"[20,25)","[5,10)",510917,487660,998577,0.036584005,0.080645314,0.033822179,0.06465395,0.107457898,7.16E-08,1.58E-07,6.94E-08,1.33E-07,1.08E-07
"[25,30)","[5,10)",510917,487660,998577,0.049863466,0.130134868,0.046170796,0.130598663,0.178166954,9.76E-08,2.55E-07,9.47E-08,2.68E-07,1.78E-07
"[30,35)","[5,10)",510917,487660,998577,0.151435106,0.241175099,0.101729877,0.266087774,0.380028484,2.96E-07,4.72E-07,2.09E-07,5.46E-07,3.81E-07
"[35,40)","[5,10)",510917,487660,998577,0.367752647,0.403143852,0.241558619,0.523780358,0.766123727,7.20E-07,7.89E-07,4.95E-07,1.07E-06,7.67E-07
"[40,45)","[5,10)",510917,487660,998577,0.364560305,0.354867723,0.277476672,0.383694493,0.689646635,7.14E-07,6.95E-07,5.69E-07,7.87E-07,6.91E-07
"[45,50)","[5,10)",510917,487660,998577,0.237833839,0.152760179,0.131253142,0.161158777,0.341734074,4.66E-07,2.99E-07,2.69E-07,3.30E-07,3.42E-07
"[50,55)","[5,10)",510917,487660,998577,0.095902404,0.081344987,0.076873897,0.111934222,0.182947879,1.88E-07,1.59E-07,1.58E-07,2.30E-07,1.83E-07
"[55,60)","[5,10)",510917,487660,998577,0.066670632,0.088649126,0.082878406,0.128963539,0.183217822,1.30E-07,1.74E-07,1.70E-07,2.64E-07,1.83E-07
"[60,65)","[5,10)",510917,487660,998577,0.084342838,0.108666294,0.130827982,0.144383349,0.234040306,1.65E-07,2.13E-07,2.68E-07,2.96E-07,2.34E-07
"[65,70)","[5,10)",510917,487660,998577,0.072631561,0.092819356,0.126558792,0.179188012,0.236553926,1.42E-07,1.82E-07,2.60E-07,3.67E-07,2.37E-07
"[70,75)","[5,10)",510917,487660,998577,0.039027554,0.071326493,0.102467278,0.141994249,0.180308529,7.64E-08,1.40E-07,2.10E-07,2.91E-07,1.81E-07
"[75,80)","[5,10)",510917,487660,998577,0.014914687,0.045269747,0.0650497,0.061590039,0.095758061,2.92E-08,8.86E-08,1.33E-07,1.26E-07,9.59E-08
"[0,5)","[10,15)",510266,487589,997855,0.066787322,0.106115113,0.072858325,0.122211741,0.182954727,1.31E-07,2.08E-07,1.49E-07,2.51E-07,1.83E-07
"[5,10)","[10,15)",510266,487589,997855,0.596621631,0.372090967,0.261330686,0.601109164,0.914234155,1.17E-06,7.29E-07,5.36E-07,1.23E-06,9.16E-07
"[10,15)","[10,15)",510266,487589,997855,3.174940596,1.389159078,1.32740985,3.460059566,4.671843125,6.22E-06,2.72E-06,2.72E-06,7.10E-06,4.68E-06
"[15,20)","[10,15)",510266,487589,997855,0.731146337,0.401491586,0.320917249,0.602819998,1.028710425,1.43E-06,7.87E-07,6.58E-07,1.24E-06,1.03E-06
"[20,25)","[10,15)",510266,487589,997855,0.089806475,0.055619675,0.067449186,0.08045127,0.146774985,1.76E-07,1.09E-07,1.38E-07,1.65E-07,1.47E-07
"[25,30)","[10,15)",510266,487589,997855,0.045838943,0.041727105,0.042926811,0.075300702,0.102859554,8.98E-08,8.18E-08,8.80E-08,1.54E-07,1.03E-07
"[30,35)","[10,15)",510266,487589,997855,0.060320345,0.067578369,0.055730365,0.102368448,0.142959429,1.18E-07,1.32E-07,1.14E-07,2.10E-07,1.43E-07
"[35,40)","[10,15)",510266,487589,997855,0.128013906,0.159165562,0.133126402,0.204068488,0.311546223,2.51E-07,3.12E-07,2.73E-07,4.19E-07,3.12E-07
"[40,45)","[10,15)",510266,487589,997855,0.264480319,0.333591255,0.24863462,0.393770483,0.618789028,5.18E-07,6.54E-07,5.10E-07,8.08E-07,6.20E-07
"[45,50)","[10,15)",510266,487589,997855,0.314462013,0.247025304,0.241644214,0.253096529,0.528348556,6.16E-07,4.84E-07,4.96E-07,5.19E-07,5.29E-07
"[50,55)","[10,15)",510266,487589,997855,0.155414886,0.117154467,0.13493775,0.095610786,0.251861213,3.05E-07,2.30E-07,2.77E-07,1.96E-07,2.52E-07
"[55,60)","[10,15)",510266,487589,997855,0.05321231,0.047364011,0.082972433,0.052071568,0.11800617,1.04E-07,9.28E-08,1.70E-07,1.07E-07,1.18E-07
"[60,65)","[10,15)",510266,487589,997855,0.038506105,0.038175762,0.074335327,0.06354815,0.107303195,7.55E-08,7.48E-08,1.52E-07,1.30E-07,1.08E-07
"[65,70)","[10,15)",510266,487589,997855,0.040956333,0.042015862,0.081776065,0.109014051,0.137252305,8.03E-08,8.23E-08,1.68E-07,2.24E-07,1.38E-07
"[70,75)","[10,15)",510266,487589,997855,0.028550349,0.050852134,0.098999927,0.132630218,0.157775172,5.60E-08,9.97E-08,2.03E-07,2.72E-07,1.58E-07
"[75,80)","[10,15)",510266,487589,997855,0.015442578,0.054311919,0.083968118,0.131186902,0.14996387,3.03E-08,1.06E-07,1.72E-07,2.69E-07,1.50E-07
"[0,5)","[15,20)",506372,484670,991042,0.025171191,0.031824138,0.054809055,0.051327142,0.081528878,4.97E-08,6.28E-08,1.13E-07,1.06E-07,8.23E-08
"[5,10)","[15,20)",506372,484670,991042,0.072227444,0.069288715,0.080688825,0.081729705,0.151989445,1.43E-07,1.37E-07,1.66E-07,1.69E-07,1.53E-07
"[10,15)","[15,20)",506372,484670,991042,0.725575395,0.333281212,0.381351336,0.599214835,1.021693422,1.43E-06,6.58E-07,7.87E-07,1.24E-06,1.03E-06
"[15,20)","[15,20)",506372,484670,991042,2.021157128,1.053569989,1.008407622,2.298023501,3.187053201,3.99E-06,2.08E-06,2.08E-06,4.74E-06,3.22E-06
"[20,25)","[15,20)",506372,484670,991042,0.310400806,0.128479822,0.336295615,0.344931273,0.560967294,6.13E-07,2.54E-07,6.94E-07,7.12E-07,5.66E-07
"[25,30)","[15,20)",506372,484670,991042,0.097407423,0.048986703,0.112144188,0.088209193,0.173469061,1.92E-07,9.67E-08,2.31E-07,1.82E-07,1.75E-07
"[30,35)","[15,20)",506372,484670,991042,0.07027959,0.042602549,0.064306505,0.068720232,0.122971415,1.39E-07,8.41E-08,1.33E-07,1.42E-07,1.24E-07
"[35,40)","[15,20)",506372,484670,991042,0.083727337,0.061169462,0.073240588,0.101471573,0.159768863,1.65E-07,1.21E-07,1.51E-07,2.09E-07,1.61E-07
"[40,45)","[15,20)",506372,484670,991042,0.13897977,0.148720259,0.126267963,0.247482636,0.329839445,2.74E-07,2.94E-07,2.61E-07,5.11E-07,3.33E-07
"[45,50)","[15,20)",506372,484670,991042,0.22768041,0.328048609,0.196140014,0.305172628,0.527643626,4.50E-07,6.48E-07,4.05E-07,6.30E-07,5.32E-07
"[50,55)","[15,20)",506372,484670,991042,0.17255063,0.218441356,0.174438473,0.153829089,0.359531282,3.41E-07,4.31E-07,3.60E-07,3.17E-07,3.63E-07
"[55,60)","[15,20)",506372,484670,991042,0.062320086,0.059258934,0.091551309,0.043241092,0.128459709,1.23E-07,1.17E-07,1.89E-07,8.92E-08,1.30E-07
"[60,65)","[15,20)",506372,484670,991042,0.029662773,0.023125251,0.062419791,0.030415439,0.072882776,5.86E-08,4.57E-08,1.29E-07,6.28E-08,7.35E-08
"[65,70)","[15,20)",506372,484670,991042,0.021718972,0.019673904,0.045247854,0.054125862,0.070472916,4.29E-08,3.89E-08,9.34E-08,1.12E-07,7.11E-08
"[70,75)","[15,20)",506372,484670,991042,0.018805564,0.029114145,0.054015705,0.111159486,0.109271563,3.71E-08,5.75E-08,1.11E-07,2.29E-07,1.10E-07
"[75,80)","[15,20)",506372,484670,991042,0.024357715,0.051523527,0.063241994,0.23973308,0.207192307,4.81E-08,1.02E-07,1.30E-07,4.95E-07,2.09E-07
"[0,5)","[20,25)",487458,477286,964744,0.026402248,0.031975801,0.138824269,0.073565344,0.136078081,5.42E-08,6.56E-08,2.91E-07,1.54E-07,1.41E-07
"[5,10)","[20,25)",487458,477286,964744,0.034904224,0.033808157,0.075337101,0.063278692,0.103817272,7.16E-08,6.94E-08,1.58E-07,1.33E-07,1.08E-07
"[10,15)","[20,25)",487458,477286,964744,0.08579225,0.067431027,0.052024802,0.078751342,0.141904656,1.76E-07,1.38E-07,1.09E-07,1.65E-07,1.47E-07
"[15,20)","[20,25)",487458,477286,964744,0.298807311,0.338231563,0.121100014,0.339678703,0.5460839,6.13E-07,6.94E-07,2.54E-07,7.12E-07,5.66E-07
"[20,25)","[20,25)",487458,477286,964744,0.424829969,0.512246957,0.501558826,0.653494514,1.044803298,8.72E-07,1.05E-06,1.05E-06,1.37E-06,1.08E-06
"[25,30)","[20,25)",487458,477286,964744,0.240560419,0.153084912,0.497126435,0.223281382,0.557502506,4.93E-07,3.14E-07,1.04E-06,4.68E-07,5.78E-07
"[30,35)","[20,25)",487458,477286,964744,0.149735085,0.08259407,0.170357831,0.131625607,0.267233564,3.07E-07,1.69E-07,3.57E-07,2.76E-07,2.77E-07
"[35,40)","[20,25)",487458,477286,964744,0.128717373,0.049834848,0.084640605,0.109856907,0.186861789,2.64E-07,1.02E-07,1.77E-07,2.30E-07,1.94E-07
"[40,45)","[20,25)",487458,477286,964744,0.125942824,0.069994005,0.072095633,0.148826912,0.208289101,2.58E-07,1.44E-07,1.51E-07,3.12E-07,2.16E-07
"[45,50)","[20,25)",487458,477286,964744,0.144754807,0.176777909,0.11224224,0.234774497,0.333627275,2.97E-07,3.63E-07,2.35E-07,4.92E-07,3.46E-07
"[50,55)","[20,25)",487458,477286,964744,0.154572641,0.231758943,0.133379453,0.195038909,0.356834051,3.17E-07,4.75E-07,2.79E-07,4.09E-07,3.70E-07
"[55,60)","[20,25)",487458,477286,964744,0.086460666,0.088700063,0.119362477,0.078084521,0.186512083,1.77E-07,1.82E-07,2.50E-07,1.64E-07,1.93E-07
"[60,65)","[20,25)",487458,477286,964744,0.040173665,0.030497917,0.078508536,0.040348144,0.094852437,8.24E-08,6.26E-08,1.64E-07,8.45E-08,9.83E-08
"[65,70)","[20,25)",487458,477286,964744,0.020022036,0.017363031,0.044057333,0.049137514,0.065321713,4.11E-08,3.56E-08,9.23E-08,1.03E-07,6.77E-08
"[70,75)","[20,25)",487458,477286,964744,0.016957097,0.022260736,0.037138443,0.078764769,0.079455824,3.48E-08,4.57E-08,7.78E-08,1.65E-07,8.24E-08
"[75,80)","[20,25)",487458,477286,964744,0.040597108,0.049692727,0.038027773,0.153415332,0.151724623,8.33E-08,1.02E-07,7.97E-08,3.21E-07,1.57E-07
"[0,5)","[25,30)",497244,494631,991875,0.097064695,0.078311854,0.326965071,0.319976973,0.411458711,1.95E-07,1.57E-07,6.61E-07,6.47E-07,4.15E-07
"[5,10)","[25,30)",497244,494631,991875,0.048529012,0.04707808,0.125986917,0.132465909,0.176971407,9.76E-08,9.47E-08,2.55E-07,2.68E-07,1.78E-07
"[10,15)","[25,30)",497244,494631,991875,0.044669148,0.043776849,0.040448504,0.076388299,0.10224316,8.98E-08,8.80E-08,8.18E-08,1.54E-07,1.03E-07
"[15,20)","[25,30)",497244,494631,991875,0.095651611,0.115053688,0.047850891,0.090022072,0.17361496,1.92E-07,2.31E-07,9.67E-08,1.82E-07,1.75E-07
"[20,25)","[25,30)",497244,494631,991875,0.245389812,0.517914733,0.155338358,0.231395641,0.573181594,4.93E-07,1.04E-06,3.14E-07,4.68E-07,5.78E-07
"[25,30)","[25,30)",497244,494631,991875,0.551429891,0.567888285,0.564905815,0.515677758,1.099994039,1.11E-06,1.14E-06,1.14E-06,1.04E-06,1.11E-06
"[30,35)","[25,30)",497244,494631,991875,0.29293391,0.217740594,0.427979959,0.356501402,0.647684976,5.89E-07,4.38E-07,8.65E-07,7.21E-07,6.53E-07
"[35,40)","[25,30)",497244,494631,991875,0.159973347,0.080736291,0.219294911,0.16591682,0.313793257,3.22E-07,1.62E-07,4.43E-07,3.35E-07,3.16E-07
"[40,45)","[25,30)",497244,494631,991875,0.133053023,0.061702543,0.088942733,0.133735372,0.208896491,2.68E-07,1.24E-07,1.80E-07,2.70E-07,2.11E-07
"[45,50)","[25,30)",497244,494631,991875,0.144329338,0.086680279,0.084650827,0.180746555,0.248042442,2.90E-07,1.74E-07,1.71E-07,3.65E-07,2.50E-07
"[50,55)","[25,30)",497244,494631,991875,0.143681472,0.143878473,0.113666675,0.181071455,0.290885671,2.89E-07,2.89E-07,2.30E-07,3.66E-07,2.93E-07
"[55,60)","[25,30)",497244,494631,991875,0.112096054,0.10879024,0.134119011,0.139389269,0.247186809,2.25E-07,2.19E-07,2.71E-07,2.82E-07,2.49E-07
"[60,65)","[25,30)",497244,494631,991875,0.06295478,0.052310782,0.11352663,0.092322015,0.160615896,1.27E-07,1.05E-07,2.30E-07,1.87E-07,1.62E-07
"[65,70)","[25,30)",497244,494631,991875,0.030254362,0.030587405,0.070851092,0.066717522,0.099155343,6.08E-08,6.15E-08,1.43E-07,1.35E-07,1.00E-07
"[70,75)","[25,30)",497244,494631,991875,0.023695953,0.028665467,0.045509422,0.058063278,0.078674754,4.77E-08,5.76E-08,9.20E-08,1.17E-07,7.93E-08
"[75,80)","[25,30)",497244,494631,991875,0.05236047,0.043679793,0.03291888,0.058122834,0.094982246,1.05E-07,8.78E-08,6.66E-08,1.18E-07,9.58E-08
"[0,5)","[30,35)",563294,561652,1124946,0.352374571,0.290836652,0.55210023,0.74634134,0.969282817,6.26E-07,5.16E-07,9.83E-07,1.33E-06,8.62E-07
"[5,10)","[30,35)",563294,561652,1124946,0.166959427,0.117507804,0.265125991,0.307180819,0.428473156,2.96E-07,2.09E-07,4.72E-07,5.47E-07,3.81E-07
"[10,15)","[30,35)",563294,561652,1124946,0.066588862,0.064383273,0.074383763,0.117918188,0.161167429,1.18E-07,1.14E-07,1.32E-07,2.10E-07,1.43E-07
"[15,20)","[30,35)",563294,561652,1124946,0.078179956,0.074738258,0.047253445,0.079635255,0.139586589,1.39E-07,1.33E-07,8.41E-08,1.42E-07,1.24E-07
"[20,25)","[30,35)",563294,561652,1124946,0.173030388,0.20105697,0.095165246,0.154892421,0.311609886,3.07E-07,3.57E-07,1.69E-07,2.76E-07,2.77E-07
"[25,30)","[30,35)",563294,561652,1124946,0.331846079,0.487390156,0.245944034,0.4048097,0.734580843,5.89E-07,8.65E-07,4.38E-07,7.21E-07,6.53E-07
"[30,35)","[30,35)",563294,561652,1124946,0.58892547,0.562727769,0.561090735,0.577843844,1.145300801,1.05E-06,9.99E-07,9.99E-07,1.03E-06,1.02E-06
"[35,40)","[30,35)",563294,561652,1124946,0.358085221,0.251251951,0.579866281,0.35038599,0.771906136,6.36E-07,4.46E-07,1.03E-06,6.24E-07,6.86E-07
"[40,45)","[30,35)",563294,561652,1124946,0.233915847,0.10681969,0.210357101,0.171805333,0.362569541,4.15E-07,1.90E-07,3.75E-07,3.06E-07,3.22E-07
"[45,50)","[30,35)",563294,561652,1124946,0.231964354,0.079097193,0.090812189,0.133802643,0.268298476,4.12E-07,1.40E-07,1.62E-07,2.38E-07,2.38E-07
"[50,55)","[30,35)",563294,561652,1124946,0.149895009,0.102466166,0.079538488,0.127667949,0.229781076,2.66E-07,1.82E-07,1.42E-07,2.27E-07,2.04E-07
"[55,60)","[30,35)",563294,561652,1124946,0.121139336,0.132009707,0.115034337,0.168678614,0.268086896,2.15E-07,2.34E-07,2.05E-07,3.00E-07,2.38E-07
"[60,65)","[30,35)",563294,561652,1124946,0.107626597,0.133093512,0.169607395,0.17511115,0.292662155,1.91E-07,2.36E-07,3.02E-07,3.12E-07,2.60E-07
"[65,70)","[30,35)",563294,561652,1124946,0.074083969,0.082054903,0.133358527,0.103750111,0.196339959,1.32E-07,1.46E-07,2.37E-07,1.85E-07,1.75E-07
"[70,75)","[30,35)",563294,561652,1124946,0.050882469,0.053205462,0.089125787,0.078339911,0.135435035,9.03E-08,9.45E-08,1.59E-07,1.39E-07,1.20E-07
"[75,80)","[30,35)",563294,561652,1124946,0.054390037,0.042127511,0.057783434,0.050853483,0.100903152,9.66E-08,7.48E-08,1.03E-07,9.05E-08,8.97E-08
"[0,5)","[35,40)",662351,645924,1308275,0.50473021,0.406415594,0.562153916,0.637253348,1.055546568,7.62E-07,6.14E-07,8.70E-07,9.87E-07,8.07E-07
"[5,10)","[35,40)",662351,645924,1308275,0.476751074,0.328090075,0.509673138,0.693763354,1.003726245,7.20E-07,4.95E-07,7.89E-07,1.07E-06,7.67E-07
"[10,15)","[35,40)",662351,645924,1308275,0.166167969,0.180841288,0.201481093,0.270336606,0.40846435,2.51E-07,2.73E-07,3.12E-07,4.19E-07,3.12E-07
"[15,20)","[35,40)",662351,645924,1308275,0.109518005,0.100090909,0.078027291,0.135231726,0.210910847,1.65E-07,1.51E-07,1.21E-07,2.09E-07,1.61E-07
"[20,25)","[35,40)",662351,645924,1308275,0.174900104,0.117459567,0.066035527,0.148672434,0.253400984,2.64E-07,1.77E-07,1.02E-07,2.30E-07,1.94E-07
"[25,30)","[35,40)",662351,645924,1308275,0.213091454,0.293653451,0.104877185,0.216665807,0.413890584,3.22E-07,4.43E-07,1.62E-07,3.35E-07,3.16E-07
"[30,35)","[35,40)",662351,645924,1308275,0.421055939,0.683829226,0.288109109,0.402960857,0.89770197,6.36E-07,1.03E-06,4.46E-07,6.24E-07,6.86E-07
"[35,40)","[35,40)",662351,645924,1308275,0.688386162,0.701526144,0.684126807,0.59677537,1.33587315,1.04E-06,1.06E-06,1.06E-06,9.24E-07,1.02E-06
"[40,45)","[35,40)",662351,645924,1308275,0.477560086,0.245872205,0.394838014,0.293972671,0.708371103,7.21E-07,3.71E-07,6.11E-07,4.55E-07,5.41E-07
"[45,50)","[35,40)",662351,645924,1308275,0.318503931,0.135554367,0.191600519,0.164787473,0.406101866,4.81E-07,2.05E-07,2.97E-07,2.55E-07,3.10E-07
"[50,55)","[35,40)",662351,645924,1308275,0.155763873,0.12553282,0.105762523,0.12238343,0.254774346,2.35E-07,1.90E-07,1.64E-07,1.89E-07,1.95E-07
"[55,60)","[35,40)",662351,645924,1308275,0.120220467,0.148078139,0.110472326,0.120392838,0.249380388,1.82E-07,2.24E-07,1.71E-07,1.86E-07,1.91E-07
"[60,65)","[35,40)",662351,645924,1308275,0.169032299,0.198871545,0.184578255,0.16213836,0.35729657,2.55E-07,3.00E-07,2.86E-07,2.51E-07,2.73E-07
"[65,70)","[35,40)",662351,645924,1308275,0.158339919,0.145421406,0.177120565,0.155308335,0.317639586,2.39E-07,2.20E-07,2.74E-07,2.40E-07,2.43E-07
"[70,75)","[35,40)",662351,645924,1308275,0.107022164,0.089263454,0.162330472,0.13871338,0.246993744,1.62E-07,1.35E-07,2.51E-07,2.15E-07,1.89E-07
"[75,80)","[35,40)",662351,645924,1308275,0.075217052,0.057011921,0.141650692,0.087379995,0.174308063,1.14E-07,8.61E-08,2.19E-07,1.35E-07,1.33E-07
"[0,5)","[40,45)",666242,648455,1314697,0.227896698,0.217530717,0.2746185,0.303979225,0.511791627,3.42E-07,3.27E-07,4.23E-07,4.69E-07,3.89E-07
"[5,10)","[40,45)",666242,648455,1314697,0.475392126,0.379089251,0.450397274,0.510208472,0.90796851,7.14E-07,5.69E-07,6.95E-07,7.87E-07,6.91E-07
"[10,15)","[40,45)",666242,648455,1314697,0.345326721,0.339735629,0.423933023,0.523682966,0.815269255,5.18E-07,5.10E-07,6.54E-07,8.08E-07,6.20E-07
"[15,20)","[40,45)",666242,648455,1314697,0.182857915,0.17357171,0.19044884,0.331114082,0.437557794,2.74E-07,2.61E-07,2.94E-07,5.11E-07,3.33E-07
"[20,25)","[40,45)",666242,648455,1314697,0.172135152,0.10063805,0.093111566,0.202200142,0.283844278,2.58E-07,1.51E-07,1.44E-07,3.12E-07,2.16E-07
"[25,30)","[40,45)",666242,648455,1314697,0.178273836,0.119801173,0.080466078,0.175324646,0.276884939,2.68E-07,1.80E-07,1.24E-07,2.70E-07,2.11E-07
"[30,35)","[40,45)",666242,648455,1314697,0.276667183,0.249529162,0.122968934,0.198356829,0.42372584,4.15E-07,3.75E-07,1.90E-07,3.06E-07,3.22E-07
"[35,40)","[40,45)",666242,648455,1314697,0.480364548,0.407258,0.240714118,0.295123577,0.711847504,7.21E-07,6.11E-07,3.71E-07,4.55E-07,5.41E-07
"[40,45)","[40,45)",666242,648455,1314697,0.627957985,0.539622064,0.525215629,0.38014932,1.038051389,9.43E-07,8.10E-07,8.10E-07,5.86E-07,7.90E-07
"[45,50)","[40,45)",666242,648455,1314697,0.370404035,0.276288218,0.463807329,0.292682952,0.70270239,5.56E-07,4.15E-07,7.15E-07,4.51E-07,5.34E-07
"[50,55)","[40,45)",666242,648455,1314697,0.140535313,0.152949587,0.227371369,0.178757984,0.349948153,2.11E-07,2.30E-07,3.51E-07,2.76E-07,2.66E-07
"[55,60)","[40,45)",666242,648455,1314697,0.109736327,0.111170599,0.128240213,0.1162611,0.232760362,1.65E-07,1.67E-07,1.98E-07,1.79E-07,1.77E-07
"[60,65)","[40,45)",666242,648455,1314697,0.170867133,0.127482313,0.113700901,0.116208501,0.264204884,2.56E-07,1.91E-07,1.75E-07,1.79E-07,2.01E-07
"[65,70)","[40,45)",666242,648455,1314697,0.172567693,0.106817668,0.139876783,0.163728766,0.290945922,2.59E-07,1.60E-07,2.16E-07,2.52E-07,2.21E-07
"[70,75)","[40,45)",666242,648455,1314697,0.142669301,0.089504333,0.188875266,0.145218222,0.279223334,2.14E-07,1.34E-07,2.91E-07,2.24E-07,2.12E-07
"[75,80)","[40,45)",666242,648455,1314697,0.119350448,0.084272127,0.207297304,0.119337095,0.254396345,1.79E-07,1.26E-07,3.20E-07,1.84E-07,1.94E-07
"[0,5)","[45,50)",614181,603975,1218156,0.086295626,0.089480172,0.08601591,0.129407881,0.195058026,1.41E-07,1.46E-07,1.42E-07,2.14E-07,1.60E-07
"[5,10)","[45,50)",614181,603975,1218156,0.285901691,0.165306329,0.180584033,0.199598181,0.416878037,4.66E-07,2.69E-07,2.99E-07,3.30E-07,3.42E-07
"[10,15)","[45,50)",614181,603975,1218156,0.378500075,0.304381762,0.292389817,0.313511114,0.644993582,6.16E-07,4.96E-07,4.84E-07,5.19E-07,5.29E-07
"[15,20)","[45,50)",614181,603975,1218156,0.276154443,0.248551975,0.391279983,0.38029335,0.64856239,4.50E-07,4.05E-07,6.48E-07,6.30E-07,5.32E-07
"[20,25)","[45,50)",614181,603975,1218156,0.182385932,0.144435679,0.219033148,0.297091739,0.421261803,2.97E-07,2.35E-07,3.63E-07,4.92E-07,3.46E-07
"[25,30)","[45,50)",614181,603975,1218156,0.178271278,0.105110376,0.105285687,0.220702431,0.304629226,2.90E-07,1.71E-07,1.74E-07,3.65E-07,2.50E-07
"[30,35)","[45,50)",614181,603975,1218156,0.252919708,0.099305254,0.08480951,0.143885574,0.290529018,4.12E-07,1.62E-07,1.40E-07,2.38E-07,2.38E-07
"[35,40)","[45,50)",614181,603975,1218156,0.295340715,0.182184826,0.123607284,0.15408509,0.37812802,4.81E-07,2.97E-07,2.05E-07,2.55E-07,3.10E-07
"[40,45)","[45,50)",614181,603975,1218156,0.341459022,0.439290274,0.25046537,0.272606636,0.651099075,5.56E-07,7.15E-07,4.15E-07,4.51E-07,5.34E-07
"[45,50)","[45,50)",614181,603975,1218156,0.21698064,0.518585453,0.509967503,0.419501175,0.831632901,3.53E-07,8.44E-07,8.44E-07,6.95E-07,6.83E-07
"[50,55)","[45,50)",614181,603975,1218156,0.128532717,0.220100769,0.48753903,0.296762242,0.566853881,2.09E-07,3.58E-07,8.07E-07,4.91E-07,4.65E-07
"[55,60)","[45,50)",614181,603975,1218156,0.121028929,0.100270787,0.198246805,0.152393553,0.286325321,1.97E-07,1.63E-07,3.28E-07,2.52E-07,2.35E-07
"[60,65)","[45,50)",614181,603975,1218156,0.12429033,0.06587629,0.109011841,0.09981873,0.199623399,2.02E-07,1.07E-07,1.80E-07,1.65E-07,1.64E-07
"[65,70)","[45,50)",614181,603975,1218156,0.100585387,0.05871697,0.094624033,0.098834808,0.175886683,1.64E-07,9.56E-08,1.57E-07,1.64E-07,1.44E-07
"[70,75)","[45,50)",614181,603975,1218156,0.095271688,0.072947818,0.107700754,0.103698515,0.188746188,1.55E-07,1.19E-07,1.78E-07,1.72E-07,1.55E-07
"[75,80)","[45,50)",614181,603975,1218156,0.154488138,0.092512835,0.133674429,0.118954753,0.243125291,2.52E-07,1.51E-07,2.21E-07,1.97E-07,2.00E-07
"[0,5)","[50,55)",564124,555401,1119525,0.055053756,0.079784098,0.073105003,0.169405354,0.187266299,9.76E-08,1.41E-07,1.32E-07,3.05E-07,1.67E-07
"[5,10)","[50,55)",564124,555401,1119525,0.105889747,0.0889276,0.088530376,0.127482819,0.205159193,1.88E-07,1.58E-07,1.59E-07,2.30E-07,1.83E-07
"[10,15)","[50,55)",564124,555401,1119525,0.171819145,0.15611864,0.127924111,0.108907778,0.28277932,3.05E-07,2.77E-07,2.30E-07,1.96E-07,2.53E-07
"[15,20)","[50,55)",564124,555401,1119525,0.192230394,0.203035837,0.239596442,0.176278022,0.406145316,3.41E-07,3.60E-07,4.31E-07,3.17E-07,3.63E-07
"[20,25)","[50,55)",564124,555401,1119525,0.17888397,0.157481951,0.264061311,0.226959392,0.414001737,3.17E-07,2.79E-07,4.75E-07,4.09E-07,3.70E-07
"[25,30)","[50,55)",564124,555401,1119525,0.163006843,0.129636274,0.160705969,0.20331818,0.32832146,2.89E-07,2.30E-07,2.89E-07,3.66E-07,2.93E-07
"[30,35)","[50,55)",564124,555401,1119525,0.150115623,0.079888598,0.101030258,0.126247071,0.228673624,2.66E-07,1.42E-07,1.82E-07,2.27E-07,2.04E-07
"[35,40)","[50,55)",564124,555401,1119525,0.132663742,0.092368628,0.105262672,0.105232179,0.21801678,2.35E-07,1.64E-07,1.90E-07,1.89E-07,1.95E-07
"[40,45)","[50,55)",564124,555401,1119525,0.118994852,0.197802135,0.127504034,0.153106146,0.297997287,2.11E-07,3.51E-07,2.30E-07,2.76E-07,2.66E-07
"[45,50)","[50,55)",564124,555401,1119525,0.118056694,0.45537188,0.199035788,0.272895795,0.520957617,2.09E-07,8.07E-07,3.58E-07,4.91E-07,4.65E-07
"[50,55)","[50,55)",564124,555401,1119525,0.202069741,0.521598134,0.513537029,0.378222059,0.806995814,3.58E-07,9.25E-07,9.25E-07,6.81E-07,7.21E-07
"[55,60)","[50,55)",564124,555401,1119525,0.182996646,0.16591237,0.3914756,0.225709494,0.484022321,3.24E-07,2.94E-07,7.05E-07,4.06E-07,4.32E-07
"[60,65)","[50,55)",564124,555401,1119525,0.12492296,0.06759254,0.220084224,0.134666051,0.273896403,2.21E-07,1.20E-07,3.96E-07,2.42E-07,2.45E-07
"[65,70)","[50,55)",564124,555401,1119525,0.067675034,0.04316863,0.113862394,0.148505035,0.186738493,1.20E-07,7.65E-08,2.05E-07,2.67E-07,1.67E-07
"[70,75)","[50,55)",564124,555401,1119525,0.060476733,0.056551908,0.064329309,0.118266846,0.151832198,1.07E-07,1.00E-07,1.16E-07,2.13E-07,1.36E-07
"[75,80)","[50,55)",564124,555401,1119525,0.14103377,0.096512602,0.062922949,0.085260573,0.190929968,2.50E-07,1.71E-07,1.13E-07,1.54E-07,1.71E-07
"[0,5)","[55,60)",579927,567685,1147612,0.077380852,0.150566286,0.146436049,0.248118357,0.309216743,1.33E-07,2.60E-07,2.58E-07,4.37E-07,2.69E-07
"[5,10)","[55,60)",579927,567685,1147612,0.075675935,0.098559182,0.09849902,0.15012589,0.210562338,1.30E-07,1.70E-07,1.74E-07,2.64E-07,1.83E-07
"[10,15)","[55,60)",579927,567685,1147612,0.060476731,0.098685552,0.052693729,0.060625323,0.13571638,1.04E-07,1.70E-07,9.28E-08,1.07E-07,1.18E-07
"[15,20)","[55,60)",579927,567685,1147612,0.071372595,0.109544725,0.06643404,0.050647483,0.14875432,1.23E-07,1.89E-07,1.17E-07,8.92E-08,1.30E-07
"[20,25)","[55,60)",579927,567685,1147612,0.102861863,0.144375128,0.103298395,0.092873946,0.22154077,1.77E-07,2.49E-07,1.82E-07,1.64E-07,1.93E-07
"[25,30)","[55,60)",579927,567685,1147612,0.130735467,0.157246721,0.124201839,0.159976558,0.285998249,2.25E-07,2.71E-07,2.19E-07,2.82E-07,2.49E-07
"[30,35)","[55,60)",579927,567685,1147612,0.124716243,0.118777499,0.13303878,0.170490028,0.273488277,2.15E-07,2.05E-07,2.34E-07,3.00E-07,2.38E-07
"[35,40)","[55,60)",579927,567685,1147612,0.105260135,0.09918483,0.126914569,0.105809994,0.218755403,1.82E-07,1.71E-07,2.24E-07,1.86E-07,1.91E-07
"[40,45)","[55,60)",579927,567685,1147612,0.09551963,0.114687838,0.094725116,0.10177964,0.203178723,1.65E-07,1.98E-07,1.67E-07,1.79E-07,1.77E-07
"[45,50)","[55,60)",579927,567685,1147612,0.114279086,0.190353719,0.092679825,0.143236858,0.269744269,1.97E-07,3.28E-07,1.63E-07,2.52E-07,2.35E-07
"[50,55)","[55,60)",579927,567685,1147612,0.188123024,0.408761794,0.166960109,0.230700696,0.496164913,3.24E-07,7.05E-07,2.94E-07,4.06E-07,4.32E-07
"[55,60)","[55,60)",579927,567685,1147612,0.231194454,0.502316749,0.491714885,0.178480992,0.70207815,3.99E-07,8.66E-07,8.66E-07,3.14E-07,6.12E-07
"[60,65)","[55,60)",579927,567685,1147612,0.147651183,0.161356905,0.628838015,0.192414318,0.565910552,2.55E-07,2.78E-07,1.11E-06,3.39E-07,4.93E-07
"[65,70)","[55,60)",579927,567685,1147612,0.085830156,0.067952841,0.220280365,0.31690368,0.34651635,1.48E-07,1.17E-07,3.88E-07,5.58E-07,3.02E-07
"[70,75)","[55,60)",579927,567685,1147612,0.076415793,0.069036361,0.098941464,0.201961175,0.227039899,1.32E-07,1.19E-07,1.74E-07,3.56E-07,1.98E-07
"[75,80)","[55,60)",579927,567685,1147612,0.152977979,0.089382094,0.057385347,0.087749392,0.19084873,2.64E-07,1.54E-07,1.01E-07,1.55E-07,1.66E-07
"[0,5)","[60,65)",420695,417600,838295,0.107355287,0.155994109,0.157932253,0.173294384,0.296543569,2.55E-07,3.71E-07,3.78E-07,4.15E-07,3.54E-07
"[5,10)","[60,65)",420695,417600,838295,0.069449101,0.112862832,0.088818659,0.123640231,0.196474355,1.65E-07,2.68E-07,2.13E-07,2.96E-07,2.34E-07
"[10,15)","[60,65)",420695,417600,838295,0.031746817,0.064136732,0.031242956,0.054426487,0.090145022,7.55E-08,1.52E-07,7.48E-08,1.30E-07,1.08E-07
"[15,20)","[60,65)",420695,417600,838295,0.024643887,0.054180436,0.01907117,0.026206467,0.061649458,5.86E-08,1.29E-07,4.57E-08,6.28E-08,7.35E-08
"[20,25)","[60,65)",420695,417600,838295,0.034671383,0.069194883,0.026127207,0.035302531,0.082417628,8.24E-08,1.64E-07,6.26E-08,8.45E-08,9.83E-08
"[25,30)","[60,65)",420695,417600,838295,0.053263095,0.096556672,0.043932142,0.077944288,0.135746272,1.27E-07,2.30E-07,1.05E-07,1.87E-07,1.62E-07
"[30,35)","[60,65)",420695,417600,838295,0.080380664,0.127040535,0.0986688,0.130375385,0.218175498,1.91E-07,3.02E-07,2.36E-07,3.12E-07,2.60E-07
"[35,40)","[60,65)",420695,417600,838295,0.107361602,0.120216529,0.125384627,0.105420121,0.229236074,2.55E-07,2.86E-07,3.00E-07,2.52E-07,2.73E-07
"[40,45)","[60,65)",420695,417600,838295,0.107892911,0.073765078,0.079679384,0.075214457,0.168536982,2.56E-07,1.75E-07,1.91E-07,1.80E-07,2.01E-07
"[45,50)","[60,65)",420695,417600,838295,0.085135167,0.075931478,0.044791218,0.069016215,0.137374113,2.02E-07,1.80E-07,1.07E-07,1.65E-07,1.64E-07
"[50,55)","[60,65)",420695,417600,838295,0.093161226,0.166705626,0.050036274,0.101253972,0.205092494,2.21E-07,3.96E-07,1.20E-07,2.42E-07,2.45E-07
"[55,60)","[60,65)",420695,417600,838295,0.107110111,0.466016731,0.116191662,0.141543656,0.413381566,2.55E-07,1.11E-06,2.78E-07,3.39E-07,4.93E-07
"[60,65)","[60,65)",420695,417600,838295,0.12561027,0.423047893,0.419934151,0.202192692,0.585245383,2.99E-07,1.01E-06,1.01E-06,4.84E-07,6.98E-07
"[65,70)","[60,65)",420695,417600,838295,0.100135397,0.163062835,0.321095309,0.262340636,0.423371818,2.38E-07,3.88E-07,7.69E-07,6.28E-07,5.05E-07
"[70,75)","[60,65)",420695,417600,838295,0.093807979,0.091037215,0.173004029,0.172905348,0.265261401,2.23E-07,2.16E-07,4.14E-07,4.14E-07,3.16E-07
"[75,80)","[60,65)",420695,417600,838295,0.125483442,0.061439079,0.065339557,0.079325938,0.161427657,2.98E-07,1.46E-07,1.56E-07,1.90E-07,1.93E-07
"[0,5)","[65,70)",338845,357101,695946,0.060881665,0.082183436,0.104232403,0.093243897,0.170150738,1.80E-07,2.43E-07,2.92E-07,2.61E-07,2.44E-07
"[5,10)","[65,70)",338845,357101,695946,0.048169912,0.087937788,0.064875198,0.131214918,0.164863278,1.42E-07,2.60E-07,1.82E-07,3.67E-07,2.37E-07
"[10,15)","[65,70)",338845,357101,695946,0.027197282,0.056829431,0.029404084,0.079839967,0.09572558,8.03E-08,1.68E-07,8.23E-08,2.24E-07,1.38E-07
"[15,20)","[65,70)",338845,357101,695946,0.014533515,0.031633911,0.013874328,0.039879512,0.049488667,4.29E-08,9.34E-08,3.89E-08,1.12E-07,7.11E-08
"[20,25)","[65,70)",338845,357101,695946,0.013917859,0.031278041,0.012719776,0.036764276,0.047121696,4.11E-08,9.23E-08,3.56E-08,1.03E-07,6.77E-08
"[25,30)","[65,70)",338845,357101,695946,0.02061672,0.048536293,0.021966656,0.048166941,0.069572018,6.08E-08,1.43E-07,6.15E-08,1.35E-07,1.00E-07
"[30,35)","[65,70)",338845,357101,695946,0.044564669,0.080455448,0.05201883,0.065964985,0.121465595,1.32E-07,2.37E-07,1.46E-07,1.85E-07,1.75E-07
"[35,40)","[65,70)",338845,357101,695946,0.081003418,0.092915626,0.078402795,0.085862879,0.168970737,2.39E-07,2.74E-07,2.20E-07,2.40E-07,2.43E-07
"[40,45)","[65,70)",338845,357101,695946,0.087766603,0.07309153,0.05695872,0.090164745,0.153865443,2.59E-07,2.16E-07,1.60E-07,2.52E-07,2.21E-07
"[45,50)","[65,70)",338845,357101,695946,0.055493096,0.053086445,0.034139585,0.058436211,0.100485969,1.64E-07,1.57E-07,9.56E-08,1.64E-07,1.44E-07
"[50,55)","[65,70)",338845,357101,695946,0.040649528,0.069466553,0.02732654,0.095482597,0.116084816,1.20E-07,2.05E-07,7.65E-08,2.67E-07,1.67E-07
"[55,60)","[65,70)",338845,357101,695946,0.050149634,0.131483099,0.041843188,0.199346986,0.210137571,1.48E-07,3.88E-07,1.17E-07,5.58E-07,3.02E-07
"[60,65)","[65,70)",338845,357101,695946,0.080653195,0.260539799,0.138413294,0.224333734,0.351479329,2.38E-07,7.69E-07,3.88E-07,6.28E-07,5.05E-07
"[65,70)","[65,70)",338845,357101,695946,0.107201912,0.442567075,0.466412678,0.325316832,0.673297277,3.16E-07,1.31E-06,1.31E-06,9.11E-07,9.67E-07
"[70,75)","[65,70)",338845,357101,695946,0.103404019,0.204823403,0.30848461,0.181155226,0.397887235,3.05E-07,6.04E-07,8.64E-07,5.07E-07,5.72E-07
"[75,80)","[65,70)",338845,357101,695946,0.124334746,0.069553765,0.125952957,0.08114715,0.191807765,3.67E-07,2.05E-07,3.53E-07,2.27E-07,2.76E-07
"[0,5)","[70,75)",266238,313026,579264,0.023369819,0.026813991,0.044808212,0.041194671,0.068095316,8.78E-08,1.01E-07,1.43E-07,1.32E-07,1.18E-07
"[5,10)","[70,75)",266238,313026,579264,0.020337225,0.055942095,0.043699911,0.09114549,0.104595232,7.64E-08,2.10E-07,1.40E-07,2.91E-07,1.81E-07
"[10,15)","[70,75)",266238,313026,579264,0.014896496,0.054057,0.031195556,0.085147113,0.091590062,5.60E-08,2.03E-07,9.97E-08,2.72E-07,1.58E-07
"[15,20)","[70,75)",266238,313026,579264,0.009887507,0.029769606,0.017997607,0.071792957,0.063917138,3.71E-08,1.12E-07,5.75E-08,2.29E-07,1.10E-07
"[20,25)","[70,75)",266238,313026,579264,0.009261566,0.020881122,0.014294963,0.05165751,0.047789353,3.48E-08,7.84E-08,4.57E-08,1.65E-07,8.25E-08
"[25,30)","[70,75)",266238,313026,579264,0.012687463,0.024496351,0.018045541,0.036745229,0.045947106,4.77E-08,9.20E-08,5.76E-08,1.17E-07,7.93E-08
"[30,35)","[70,75)",266238,313026,579264,0.024049315,0.042247995,0.029566614,0.043661197,0.069738992,9.03E-08,1.59E-07,9.45E-08,1.39E-07,1.20E-07
"[35,40)","[70,75)",266238,313026,579264,0.043018522,0.066909544,0.042185798,0.06722296,0.109361235,1.62E-07,2.51E-07,1.35E-07,2.15E-07,1.89E-07
"[40,45)","[70,75)",266238,313026,579264,0.057012167,0.077546761,0.042023584,0.070100628,0.123012728,2.14E-07,2.91E-07,1.34E-07,2.24E-07,2.12E-07
"[45,50)","[70,75)",266238,313026,579264,0.041298843,0.04747552,0.037178877,0.05374447,0.089753585,1.55E-07,1.78E-07,1.19E-07,1.72E-07,1.55E-07
"[50,55)","[70,75)",266238,313026,579264,0.028541981,0.030837012,0.031379995,0.066655618,0.078560933,1.07E-07,1.16E-07,1.00E-07,2.13E-07,1.36E-07
"[55,60)","[70,75)",266238,313026,579264,0.035081669,0.046402474,0.037263613,0.111362647,0.114599599,1.32E-07,1.74E-07,1.19E-07,3.56E-07,1.98E-07
"[60,65)","[70,75)",266238,313026,579264,0.059117308,0.110296957,0.067738032,0.129606879,0.1831709,2.22E-07,4.14E-07,2.16E-07,4.14E-07,3.16E-07
"[65,70)","[70,75)",266238,313026,579264,0.081246781,0.229991897,0.18921599,0.158796625,0.331177602,3.05E-07,8.64E-07,6.04E-07,5.07E-07,5.72E-07
"[70,75)","[70,75)",266238,313026,579264,0.098331908,0.339699972,0.399398545,0.149572085,0.493159657,3.69E-07,1.28E-06,1.28E-06,4.78E-07,8.51E-07
"[75,80)","[70,75)",266238,313026,579264,0.093277627,0.114721,0.353978243,0.07451334,0.295738953,3.50E-07,4.31E-07,1.13E-06,2.38E-07,5.11E-07
"[0,5)","[75,80)",225146,320300,545446,0.008724235,0.010666475,0.017923206,0.012567905,0.024980611,3.87E-08,4.74E-08,5.60E-08,3.92E-08,4.58E-08
"[5,10)","[75,80)",225146,320300,545446,0.006572461,0.030032607,0.028380116,0.040452989,0.052305302,2.92E-08,1.33E-07,8.86E-08,1.26E-07,9.59E-08
"[10,15)","[75,80)",225146,320300,545446,0.006813769,0.038772579,0.034092187,0.086177196,0.081972886,3.03E-08,1.72E-07,1.06E-07,2.69E-07,1.50E-07
"[15,20)","[75,80)",225146,320300,545446,0.010830067,0.029378107,0.03259062,0.15843107,0.11403401,4.81E-08,1.30E-07,1.02E-07,4.95E-07,2.09E-07
"[20,25)","[75,80)",225146,320300,545446,0.018750904,0.017938526,0.032652214,0.102954849,0.085781903,8.33E-08,7.97E-08,1.02E-07,3.21E-07,1.57E-07
"[25,30)","[75,80)",225146,320300,545446,0.023708153,0.014983999,0.028136353,0.037637643,0.05223205,1.05E-07,6.66E-08,8.78E-08,1.18E-07,9.58E-08
"[30,35)","[75,80)",225146,320300,545446,0.021739439,0.023163286,0.023954501,0.028949127,0.048898492,9.66E-08,1.03E-07,7.48E-08,9.04E-08,8.96E-08
"[35,40)","[75,80)",225146,320300,545446,0.025567711,0.049374374,0.027569854,0.043329854,0.072672492,1.14E-07,2.19E-07,8.61E-08,1.35E-07,1.33E-07
"[40,45)","[75,80)",225146,320300,545446,0.040332615,0.071974468,0.040514323,0.058945704,0.105544826,1.79E-07,3.20E-07,1.26E-07,1.84E-07,1.94E-07
"[45,50)","[75,80)",225146,320300,545446,0.056632116,0.049830187,0.048246146,0.063083917,0.10886252,2.52E-07,2.21E-07,1.51E-07,1.97E-07,2.00E-07
"[50,55)","[75,80)",225146,320300,545446,0.056287556,0.025507414,0.054798108,0.049169809,0.093023285,2.50E-07,1.13E-07,1.71E-07,1.54E-07,1.71E-07
"[55,60)","[75,80)",225146,320300,545446,0.05939087,0.022759228,0.049366714,0.049510066,0.090708055,2.64E-07,1.01E-07,1.54E-07,1.55E-07,1.66E-07
"[60,65)","[75,80)",225146,320300,545446,0.067048502,0.035227299,0.046777213,0.060843164,0.104980865,2.98E-07,1.56E-07,1.46E-07,1.90E-07,1.92E-07
"[65,70)","[75,80)",225146,320300,545446,0.082614368,0.079411129,0.065747026,0.072784487,0.150328795,3.67E-07,3.53E-07,2.05E-07,2.27E-07,2.76E-07
"[70,75)","[75,80)",225146,320300,545446,0.078880766,0.254602038,0.138016093,0.076244767,0.278473784,3.50E-07,1.13E-06,4.31E-07,2.38E-07,5.11E-07
"[75,80)","[75,80)",225146,320300,545446,0.065987222,0.286569147,0.407681831,0.109010305,0.427812819,2.93E-07,1.27E-06,1.27E-06,3.40E-07,7.84E-07
